status,path,lang,title,description,keywords,canonical,og:title,og:description,og:image,hreflang,h1,jsonld_types
200,/,,"Onlayn Hamshira - tibbiy yordam chaqirish 24/7 | Tez, qulay, xavfsiz!","Toshkent, Nukus, Farg‘ona, Samarqand va Marg‘ilonda uyga shifokor va hamshira chaqiring. 24/7 tibbiy yordam va hamshiralik xizmatlari.","hamshira uyga chaqirish, uyda hamshira xizmatlari, Toshkent hamshira uyga, kapelnitsa uyda, uyda kapelnitsa qo'yish, uyda ukol qilish, Toshkent kapelnitsa uyda, kapelnitsa va ukol uyda, uyda bemor parvarishi, uyda qariyalar parvarishi, tez hamshira chaqir",https://onlaynhamshira.uz,"Onlayn Hamshira - tibbiy yordam chaqirish 24/7 | Tez, qulay, xavfsiz!","Tibbiy yordam uyingizda - tez, qulay, xavfsiz!",https://static.tildacdn.net/tild3462-3165-4335-b732-383031326461/photo.jpg,uz=https://onlaynhamshira.uz/ ru=https://onlaynhamshira.uz/ru en=https://onlaynhamshira.uz/en x-default=https://onlaynhamshira.uz/,"Tibbiy xizmatlar uyingizda - tez, qulay, xavfsiz!",MedicalBusiness
200,/expert,,Onlayn Hamshira (Mutaxassis),Qulay paytda ishlang va Onlayn Hamshira bilan daromad toping!,"Toshkentda hamshiralar uchun ish, Hamshira uchun uyga ish, Tibbiy hodimlar uchun daromad olish imkoniyati, Uyda hamshira xizmatlari ishlari, Toshkentda qarovchilar uchun ish, Shifokorlar uchun chaqiruvga ish, Massajchilar uchun uyda ish, Kapelnitsa va uko",https://onlaynhamshira.uz/expert,Onlayn Hamshira (Mutaxassis),Qulay paytda ishlang va Onlayn Hamshira bilan daromad toping!,https://static.tildacdn.net/tild3462-3165-4335-b732-383031326461/photo.jpg,uz=https://onlaynhamshira.uz/ ru=https://onlaynhamshira.uz/ru en=https://onlaynhamshira.uz/en x-default=https://onlaynhamshira.uz/,Qulay paytda ishlang va Onlayn Hamshira bilan daromad toping!,MedicalBusiness
200,/certificates,,Sertifikatlar,Лечитесь с нами дома!,,https://onlaynhamshira.uz/certificates,Sertifikatlar,Лечитесь с нами дома!,https://static.tildacdn.net/tild3962-6663-4561-a431-316635613264/Mobile.jpg,uz=https://onlaynhamshira.uz/ ru=https://onlaynhamshira.uz/ru en=https://onlaynhamshira.uz/en x-default=https://onlaynhamshira.uz/,,MedicalBusiness
200,/privacy-policy,uz,Ommaviy oferta shartnomasi,Лечитесь с нами дома!,,https://onlaynhamshira.uz/privacy-policy,Ommaviy oferta shartnomasi,Лечитесь с нами дома!,https://static.tildacdn.net/tild3962-6663-4561-a431-316635613264/Mobile.jpg,uz=https://onlaynhamshira.uz/ ru=https://onlaynhamshira.uz/ru en=https://onlaynhamshira.uz/en x-default=https://onlaynhamshira.uz/,OMMAVIY OFERTA VA MAXFIYLIK SIYOSATI,MedicalBusiness
200,/hamshirapolitic,uz,«ONLAYN HAMSHIRA» МЧЖнинг тиббий хизмат кўрсатиш тўғрисида Оммавий оферта шартномаси,ONLAYN HAMSHIRA MCHJning mustaqil tibbiy mutaxassislar uchun ommaviy ofertasi. Platforma orqali buyurtmalar olish shartlari va qoidalari.,,https://onlaynhamshira.uz/hamshirapolitic,«ONLAYN HAMSHIRA» МЧЖнинг тиббий хизмат кўрсатиш тўғрисида Оммавий оферта шартномаси,,https://static.tildacdn.net/tild3962-6663-4561-a431-316635613264/Mobile.jpg,uz=https://onlaynhamshira.uz/ ru=https://onlaynhamshira.uz/ru en=https://onlaynhamshira.uz/en x-default=https://onlaynhamshira.uz/,OMMAVIY OFERTA SHARTNOMASI,MedicalBusiness
200,/contacts,,Kontaktlar,Лечитесь с нами дома!,,https://onlaynhamshira.uz/contacts,Kontaktlar,Лечитесь с нами дома!,https://static.tildacdn.net/tild3962-6663-4561-a431-316635613264/Mobile.jpg,uz=https://onlaynhamshira.uz/ ru=https://onlaynhamshira.uz/ru en=https://onlaynhamshira.uz/en x-default=https://onlaynhamshira.uz/,,MedicalBusiness
200,/ilova,,Onlayn Hamshira,Лечитесь с нами дома!,,https://onlaynhamshira.uz/ilova,Onlayn Hamshira,Лечитесь с нами дома!,https://static.tildacdn.net/tild3462-3165-4335-b732-383031326461/photo.jpg,uz=https://onlaynhamshira.uz/ ru=https://onlaynhamshira.uz/ru en=https://onlaynhamshira.uz/en x-default=https://onlaynhamshira.uz/,,MedicalBusiness
200,/onlayn-hamshira-vs-ananaviy,,Onlayn hamshira vs an’anaviy xizmatlar | Qaysi biri yaxshiroq?,"OnlaynHamshira.uz orqali hamshiralarni uyga tez va oson chaqiring. Onlayn hamshiralik va an’anaviy xizmatlarni solishtiring shaffof narxlar, tasdiqlangan hamshiralar, 24/7 bron qilish.","onlayn hamshira, onlayn hamshira xizmatlari, uyga hamshira chaqirish, hamshiralar O‘zbekistonda, uyda tibbiy parvarish, onlayn tibbiy xizmatlar, an’anaviy hamshiralik vs onlayn, hamshira Toshkent",https://onlaynhamshira.uz/onlayn-hamshira-vs-ananaviy,Onlayn hamshira vs an’anaviy xizmatlar | Qaysi biri yaxshiroq?,"OnlaynHamshira.uz orqali hamshiralarni uyga tez va oson chaqiring. Onlayn hamshiralik va an’anaviy xizmatlarni solishtiring shaffof narxlar, tasdiqlangan hamshiralar, 24/7 bron qilish.",https://static.tildacdn.net/tild6161-6633-4835-b434-646338303239/image.png,uz=https://onlaynhamshira.uz/ ru=https://onlaynhamshira.uz/ru en=https://onlaynhamshira.uz/en x-default=https://onlaynhamshira.uz/,Nega OnlaynHamshira.uz an'anaviy usullardan yaxshiroq / Onlayn hamshiralik vs an’anaviy hamshiralik Qaysi biri yaxshiroq O‘zbekistonda?,MedicalBusiness
200,/blog,,Tibbiyot Yangiliklari va Maslahatlar | Onlayn Hamshira Blogi,"Onlayn Hamshira blogida sog‘liqni saqlash, tibbiy xizmatlar, uyda hamshira yordami va foydali maslahatlar haqida eng so‘nggi yangiliklar va maqolalarni toping.",,https://onlaynhamshira.uz/blog,Tibbiyot Yangiliklari va Maslahatlar | Onlayn Hamshira Blogi,"Onlayn Hamshira blogida sog‘liqni saqlash, tibbiy xizmatlar, uyda hamshira yordami va foydali maslahatlar haqida eng so‘nggi yangiliklar va maqolalarni toping.",https://static.tildacdn.net/tild3134-3961-4635-b561-633663333837/image.png,uz=https://onlaynhamshira.uz/ ru=https://onlaynhamshira.uz/ru en=https://onlaynhamshira.uz/en x-default=https://onlaynhamshira.uz/,,MedicalBusiness
200,/blog/hamshira-uyga-chaqirish-toshkent,,Hamshira uyga chaqirish narxlar Toshkent,"OnlaynHamshira orqali Toshkentda hamshira chaqiring: ukol, sistemaga ulash, qon olish, yarani bog‘lash va boshqalar. Narxlar, to‘lov turlari va buyurtma tartibi.","hamshira uyga chaqirish, Toshkent, ukol, sistemaga ulash, qon olish, narxlar, OnlaynHamshira",https://onlaynhamshira.uz/blog/hamshira-uyga-chaqirish-toshkent,Hamshira uyga chaqirish narxlar Toshkent,"OnlaynHamshira orqali Toshkentda hamshira chaqiring: ukol, sistemaga ulash, qon olish, yarani bog‘lash va boshqalar. Narxlar, to‘lov turlari va buyurtma tartibi.",https://static.tildacdn.net/tild6161-6633-4835-b434-646338303239/image.png,uz=https://onlaynhamshira.uz/ ru=https://onlaynhamshira.uz/ru en=https://onlaynhamshira.uz/en x-default=https://onlaynhamshira.uz/,,MedicalBusiness
200,/uyda-qon-bosimini-olchash-va-nazorat-qilish,,Uyda qon bosimini o‘lchash va nazorat qilish foydali maslahatlar,"Qon bosimini to‘g‘ri o‘lchash usullari, keng tarqalgan xatolar va nazorat qilish bo‘yicha mutaxassis tavsiyalari. Sog‘lom yurak va uzoq umr uchun bilib oling.","qon bosimi, uyda bosim o‘lchash, gipertoniya, sog‘lom hayot, yurak salomatligi",https://onlaynhamshira.uz/uyda-qon-bosimini-olchash-va-nazorat-qilish,Uyda qon bosimini o‘lchash va nazorat qilish foydali maslahatlar,"Qon bosimini to‘g‘ri o‘lchash usullari, keng tarqalgan xatolar va nazorat qilish bo‘yicha mutaxassis tavsiyalari. Sog‘lom yurak va uzoq umr uchun bilib oling.",https://static.tildacdn.net/tild6161-6633-4835-b434-646338303239/image.png,uz=https://onlaynhamshira.uz/ ru=https://onlaynhamshira.uz/ru en=https://onlaynhamshira.uz/en x-default=https://onlaynhamshira.uz/,,MedicalBusiness BlogPosting FAQPage MedicalBusiness
200,/blog/ayollar-bolalar-massaji-toshkentda,,"Toshkentda Massaj: Eng Yaxshi Salonlar, Uy Xizmati va Narxlar","Toshkentda massaj qayerda yaxshi? Spa markazlari, uyga keladigan massaj xizmati va real narxlarni bilib oling. Massaj bolalar va ayollar uchun","massaj Toshkentda, ayollar massaji Toshkentda, bolalar massaji Toshkentda, uy massaji Toshkent, spa markaz Toshkent, professional massajchi Toshkent, eng yaxshi massaj saloni Toshkentda, tay massaji Toshkent, massaj narxlari Toshkentda, sog‘lomlashtiruvch",https://onlaynhamshira.uz/blog/ayollar-bolalar-massaji-toshkentda,"Toshkentda Massaj: Eng Yaxshi Salonlar, Uy Xizmati va Narxlar ","Toshkentda massaj qayerda yaxshi? Spa markazlari, uyga keladigan massaj xizmati va real narxlarni bilib oling. Massaj bolalar va ayollar uchun",https://static.tildacdn.net/tild6161-6633-4835-b434-646338303239/image.png,uz=https://onlaynhamshira.uz/ ru=https://onlaynhamshira.uz/ru en=https://onlaynhamshira.uz/en x-default=https://onlaynhamshira.uz/,,MedicalBusiness BlogPosting FAQPage MedicalBusiness
200,/blog/uyda-ukol-qildirish-toshkentda,,"Uyda Ukol Qildirish Toshkentda Narxlar, Xizmat Turlari va Xavfsizlik 2025","Toshkentda uyda ukol qildirish xizmati: antibiotik, vitamin, og‘riq qoldiruvchi ukollar, sistem qo‘yish, narxlar va xavfsizlik bo‘yicha to‘liq qo‘llanma. Professional hamshira uyga keladi.","massaj Toshkentda, ayollar massaji Toshkentda, bolalar massaji Toshkentda, uy massaji Toshkent, spa markaz Toshkent, professional massajchi Toshkent, eng yaxshi massaj saloni Toshkentda, tay massaji Toshkent, massaj narxlari Toshkentda, sog‘lomlashtiruvch",https://onlaynhamshira.uz/blog/uyda-ukol-qildirish-toshkentda,"Uyda Ukol Qildirish Toshkentda Narxlar, Xizmat Turlari va Xavfsizlik 2025","Toshkentda uyda ukol qildirish xizmati: antibiotik, vitamin, og‘riq qoldiruvchi ukollar, sistem qo‘yish, narxlar va xavfsizlik bo‘yicha to‘liq qo‘llanma. Professional hamshira uyga keladi.",https://static.tildacdn.net/tild6161-6633-4835-b434-646338303239/image.png,uz=https://onlaynhamshira.uz/ ru=https://onlaynhamshira.uz/ru en=https://onlaynhamshira.uz/en x-default=https://onlaynhamshira.uz/,,MedicalBusiness BlogPosting FAQPage MedicalBusiness
200,/blog/uyga-hamshira-chaqirish-tibbiy-yordam,,"Uyda tibbiy yordam professional, tez va navbatsiz xizmat","Sog‘liq muammo bo‘lishini kutmang. Sertifikatlangan hamshira va shifokorlar uy sharoitida xavfsiz, aniq va professional tibbiy yordam ko‘rsatadi.","massaj Toshkentda, ayollar massaji Toshkentda, bolalar massaji Toshkentda, uy massaji Toshkent, spa markaz Toshkent, professional massajchi Toshkent, eng yaxshi massaj saloni Toshkentda, tay massaji Toshkent, massaj narxlari Toshkentda, sog‘lomlashtiruvch",https://onlaynhamshira.uz/blog/uyga-hamshira-chaqirish-tibbiy-yordam,"Uyda tibbiy yordam professional, tez va navbatsiz xizmat","Sog‘liq muammo bo‘lishini kutmang. Sertifikatlangan hamshira va shifokorlar uy sharoitida xavfsiz, aniq va professional tibbiy yordam ko‘rsatadi.",https://static.tildacdn.net/tild6161-6633-4835-b434-646338303239/image.png,uz=https://onlaynhamshira.uz/ ru=https://onlaynhamshira.uz/ru en=https://onlaynhamshira.uz/en x-default=https://onlaynhamshira.uz/,,MedicalBusiness BlogPosting FAQPage MedicalBusiness
200,/blog/kasallikni-oldini-olish-9-kunlik-odatlar,,Kasallikdan ko‘ra oldini olish: Sog‘liqni mustahkamlovchi 9 kunlik odat,"Har kuni bajariladigan oddiy 9 ta sog‘lom odat orqali kasalliklarning 70% ini oldini olish mumkin. Uyqu, ovqatlanish, suv balansi, stress va fizik faollik bo‘yicha aniq tavsiyalar.","kasallikni oldini olish, sog‘liqni mustahkamlash odatlari, sog‘lom turmush tarzi, sog‘lom odatlar, kundalik sog‘liq odatlari, immunitetni oshirish usullari, uyda sog‘liqni nazorat qilish, sog‘lom ovqatlanish qoidalari, sifatli uyqu, stressni kamaytirish, ",https://onlaynhamshira.uz/blog/kasallikni-oldini-olish-9-kunlik-odatlar,Kasallikdan ko‘ra oldini olish: Sog‘liqni mustahkamlovchi 9 kunlik odat,"Har kuni bajariladigan oddiy 9 ta sog‘lom odat orqali kasalliklarning 70% ini oldini olish mumkin. Uyqu, ovqatlanish, suv balansi, stress va fizik faollik bo‘yicha aniq tavsiyalar.",https://static.tildacdn.net/tild6161-6633-4835-b434-646338303239/image.png,uz=https://onlaynhamshira.uz/ ru=https://onlaynhamshira.uz/ru en=https://onlaynhamshira.uz/en x-default=https://onlaynhamshira.uz/,,MedicalBusiness BlogPosting FAQPage MedicalBusiness
200,/uzbekistan,,OnlaynHamshira - O‘zbekiston bo‘ylab uyga tibbiy xizmatlar,"OnlaynHamshira orqali O‘zbekiston bo‘ylab uyga hamshira, pediatr, terapevt va massaj xizmatlarini chaqiring. Tez, xavfsiz va professional yordam.","kasallikni oldini olish, sog‘liqni mustahkamlash odatlari, sog‘lom turmush tarzi, sog‘lom odatlar, kundalik sog‘liq odatlari, immunitetni oshirish usullari, uyda sog‘liqni nazorat qilish, sog‘lom ovqatlanish qoidalari, sifatli uyqu, stressni kamaytirish, ",https://onlaynhamshira.uz/uzbekistan,OnlaynHamshira - O‘zbekiston bo‘ylab uyga tibbiy xizmatlar,"OnlaynHamshira orqali O‘zbekiston bo‘ylab uyga hamshira, pediatr, terapevt va massaj xizmatlarini chaqiring. Tez, xavfsiz va professional yordam.",https://static.tildacdn.net/tild6161-6633-4835-b434-646338303239/image.png,uz=https://onlaynhamshira.uz/ ru=https://onlaynhamshira.uz/ru en=https://onlaynhamshira.uz/en x-default=https://onlaynhamshira.uz/,,MedicalBusiness
200,/blog/uyda-hamshira-xizmati,,Uyda hamshira xizmati | OnlaynHamshira.uz,Uyda hamshira xizmati orqali shifoxonaga bormasdan tibbiy yordam oling. OnlaynHamshira.uz bilan malakali hamshiralarni uyga chaqirish oson va ishonchli.,,https://onlaynhamshira.uz/blog/uyda-hamshira-xizmati,Uyda hamshira xizmati | OnlaynHamshira.uz,Uyda hamshira xizmati orqali shifoxonaga bormasdan tibbiy yordam oling. OnlaynHamshira.uz bilan malakali hamshiralarni uyga chaqirish oson va ishonchli.,https://static.tildacdn.net/tild6438-3631-4838-a439-326264353264/t.svg,uz=https://onlaynhamshira.uz/ ru=https://onlaynhamshira.uz/ru en=https://onlaynhamshira.uz/en x-default=https://onlaynhamshira.uz/,,MedicalBusiness
200,/saraton-bemor-uyda-parvarish-tavsiyalar,,Saraton va uyda parvarish: Bemorga yordam berishning 7 usuli | Palliativ yordam,"Onkologik kasallikka chalingan bemorlarni uyda parvarish qilish bo'yicha to'liq qo'llanma. Og'riqni kamaytirish, ovqatlanish rejimi va palliativ yordamning muhim jihatlari haqida mutaxassis tavsiyalari bilan tanishing.",,https://onlaynhamshira.uz/saraton-bemor-uyda-parvarish-tavsiyalar,Saraton va uyda parvarish: Bemorga yordam berishning 7 usuli | Palliativ yordam,"Onkologik kasallikka chalingan bemorlarni uyda parvarish qilish bo'yicha to'liq qo'llanma. Og'riqni kamaytirish, ovqatlanish rejimi va palliativ yordamning muhim jihatlari haqida mutaxassis tavsiyalari bilan tanishing.",https://thb.tildacdn.net/tild6636-3063-4435-a562-613438663134/-/resize/504x/Patiant-Care.webp,uz=https://onlaynhamshira.uz/ ru=https://onlaynhamshira.uz/ru en=https://onlaynhamshira.uz/en x-default=https://onlaynhamshira.uz/,,MedicalBusiness
200,/blog/uy-sharoitida-detoks,,"Uyda detoks: organizmni qo‘llab-quvvatlash, suyuqlik balansi va xavfsizlik qoidalari","Uy sharoitida detoksni tibbiy nuqtai nazardan tushuntiramiz: xavfsiz odatlar, suyuqlik balansi, ovqatlanish, uyqu, hamda qachon mutaxassisga murojaat qilish kerak.","uy sharoitida detoks, detoks nima, detoks uyda, organizmni tozalash",https://onlaynhamshira.uz/blog/uy-sharoitida-detoks,Detoks nima va uni uyda qanday to‘g‘ri qilish mumkin? Tibbiy tavsiyalar va ogohlantirishlar,"Uy sharoitida detoksni tibbiy nuqtai nazardan tushuntiramiz: xavfsiz odatlar, suyuqlik balansi, ovqatlanish, uyqu, hamda qachon mutaxassisga murojaat qilish kerak.",https://thb.tildacdn.net/tild3866-6530-4134-b064-353031366262/-/resize/504x/1731389393_detoks-oc.webp,uz=https://onlaynhamshira.uz/ ru=https://onlaynhamshira.uz/ru en=https://onlaynhamshira.uz/en x-default=https://onlaynhamshira.uz/,,MedicalBusiness
200,/blog/operatsiyadan-keyingi-parvarish,,Operatsiyadan keyingi parvarish: uyda tiklanish bo‘yicha qo‘llanma,"['Operatsiyadan keyingi parvarish qanday bo‘lishi kerak? Yara parvarishi, infeksiya belgilari va uyda hamshira yordami haqida to‘liq qo‘llanma', 'Operatsiyadan keyingi parvarish qanday bo‘lishi kerak? Yara parvarishi, infeksiya belgilari va uyda hamshira yordami haqida to‘liq qo‘llanma.']",,https://onlaynhamshira.uz/blog/operatsiyadan-keyingi-parvarish,"['Operatsiyadan keyingi parvarish: uyda tiklanish bo‘yicha qo‘llanma', 'Operatsiyadan keyingi parvarish: uyda xavfsiz tiklanish']","['Operatsiyadan keyingi parvarish qanday bo‘lishi kerak? Yara parvarishi, infeksiya belgilari va uyda hamshira yordami haqida to‘liq qo‘llanma', 'Operatsiyadan keyin uyda qanday parvarish qilish kerak? Muhim tavsiyalar va hamshira yordami.']",https://thb.tildacdn.net/tild3265-6231-4431-a563-306535376230/-/resize/504x/Operatsiyadan_keying.webp,uz=https://onlaynhamshira.uz/ ru=https://onlaynhamshira.uz/ru en=https://onlaynhamshira.uz/en x-default=https://onlaynhamshira.uz/,Operatsiyadan keyingi davr qoidalari: uyda xavfsiz parvarish,MedicalBusiness Article
200,/blog/chaqaloq-parvarishi-yangi-onalar-uchun,,Chaqaloq parvarishi: yangi onalar uchun qo‘llanma,"Yangi tug‘ilgan chaqaloq parvarishi bo‘yicha muhim tavsiyalar: emizish, gigiyena, uyqu xavfsizligi va pediatr maslahatlari.",,https://onlaynhamshira.uz/blog/chaqaloq-parvarishi-yangi-onalar-uchun,Chaqaloq parvarishi: yangi onalar uchun qo‘llanma,"Yangi tug‘ilgan chaqaloq parvarishi bo‘yicha muhim tavsiyalar: emizish, gigiyena, uyqu xavfsizligi va pediatr maslahatlari.",https://thb.tildacdn.net/tild3935-3130-4430-b831-313666303733/-/resize/504x/chaqaloq-parvarishi-.webp,uz=https://onlaynhamshira.uz/ ru=https://onlaynhamshira.uz/ru en=https://onlaynhamshira.uz/en x-default=https://onlaynhamshira.uz/,Chaqaloqlar parvarishi: yangi onalar uchun professional ko‘mak,MedicalBusiness Article
200,/blog/infeksiyadan-himoyalanish-uy-gigiyenasi,,Infeksiyadan qanday himoyalanish kerak? Uy gigiyenasi qo‘llanmasi,"Uy sharoitida viruslardan himoyalanish bo‘yicha amaliy qo‘llanma: qo‘l yuvish, shamollatish, dezinfeksiya va immunitetni qo‘llab-quvvatlash.",,https://onlaynhamshira.uz/blog/infeksiyadan-himoyalanish-uy-gigiyenasi,Infeksiyadan qanday himoyalanish kerak? Uy gigiyenasi qo‘llanmasi,"Uy sharoitida viruslardan himoyalanish bo‘yicha amaliy qo‘llanma: qo‘l yuvish, shamollatish, dezinfeksiya va immunitetni qo‘llab-quvvatlash.",https://thb.tildacdn.net/tild6536-6131-4039-a635-613230663033/-/resize/504x/Infection_Prevention.webp,uz=https://onlaynhamshira.uz/ ru=https://onlaynhamshira.uz/ru en=https://onlaynhamshira.uz/en x-default=https://onlaynhamshira.uz/,Infeksiyadan qanday himoyalanish kerak?,MedicalBusiness Article
200,/blog/immunitetni-kotarish-mavsumiy-kasalliklar,,Immunitetni mustahkamlash: shamollash va viruslardan himoyalanish,"Immunitetni qanday mustahkamlash mumkin? Ovqatlanish, uyqu, gigiyena va stressni boshqarish orqali mavsumiy kasalliklardan himoyalanish yo‘llari.",,https://onlaynhamshira.uz/blog/immunitetni-kotarish-mavsumiy-kasalliklar,Immunitetni mustahkamlash: shamollash va viruslardan himoyalanish,"Immunitetni qanday mustahkamlash mumkin? Ovqatlanish, uyqu, gigiyena va stressni boshqarish orqali mavsumiy kasalliklardan himoyalanish yo‘llari.",https://thb.tildacdn.net/tild6364-3938-4264-b836-336338386436/-/resize/504x/immunitet-mavsumiy-k.webp,uz=https://onlaynhamshira.uz/ ru=https://onlaynhamshira.uz/ru en=https://onlaynhamshira.uz/en x-default=https://onlaynhamshira.uz/,Immunitetni ko‘tarish: mavsumiy kasalliklar profilaktikasi,MedicalBusiness
200,/blog/qon-bosimi-yuqori-bolsa-nima-qilish-kerak,uz,Qon bosimi yuqori bo‘lsa nima qilish kerak? | Onlayn Hamshira,"Qon bosimi ko‘tarilganda uy sharoitida birinchi yordam, to‘g‘ri o‘lchash qoidalari va xavfli belgilar haqida bilib oling. Professional hamshira yordami.",,https://onlaynhamshira.uz/blog/qon-bosimi-yuqori-bolsa-nima-qilish-kerak,Qon bosimi yuqori bo‘lsa nima qilish kerak? | Onlayn Hamshira,"Qon bosimi ko‘tarilganda uy sharoitida birinchi yordam, to‘g‘ri o‘lchash qoidalari va xavfli belgilar haqida bilib oling. Professional hamshira yordami.",https://thb.tildacdn.net/tild3032-6365-4265-b734-626431383161/-/resize/504x/Blood_pressure_monit.webp,uz=https://onlaynhamshira.uz/ ru=https://onlaynhamshira.uz/ru en=https://onlaynhamshira.uz/en x-default=https://onlaynhamshira.uz/,Qon bosimi yuqori bo‘lsa nima qilish kerak?,MedicalBusiness
200,/blog/what-to-do-high-blood-pressure,en,What Should You Do If Your Blood Pressure Is High? | Onlayn Hamshira,"['High blood pressure (hypertension) often has no symptoms. Learn how to measure it correctly, manage it at home, and when to call a nurse or emergency services.', 'Learn what to do if your blood pressure is high, how to measure it correctly at home, and when to seek emergency medical help.']",,https://onlaynhamshira.uz/blog/what-to-do-high-blood-pressure,What Should You Do If Your Blood Pressure Is High? | Onlayn Hamshira,"High blood pressure (hypertension) often has no symptoms. Learn how to measure it correctly, manage it at home, and when to call a nurse or emergency services.",https://thb.tildacdn.net/tild3032-6365-4265-b734-626431383161/-/resize/504x/Blood_pressure_monit.webp,uz=https://onlaynhamshira.uz/ ru=https://onlaynhamshira.uz/ru en=https://onlaynhamshira.uz/en x-default=https://onlaynhamshira.uz/,What Should You Do If Your Blood Pressure Is High?,MedicalBusiness
200,/home-detox,,"Detox and Hydration: Is Water Enough? Recovery Timeline, Weakness Causes, and Health Tips","Learn whether drinking water is enough to detox the body, why weakness can happen during detox, and how long recovery really takes. Discover hydration tips, nutrition advice, and safe ways to support your body’s natural detox process.","uy sharoitida detoks, detoks nima, detoks uyda, organizmni tozalash",https://onlaynhamshira.uz/blog/uy-sharoitida-detoks,"Home Detox: Supporting Your Body, Hydration Balance, and Safety Rules","A medical view on at-home detox: safe habits, hydration balance, nutrition, sleep, stress, plus red flags and when it’s better to consult a healthcare professional.",https://thb.tildacdn.net/tild3866-6530-4134-b064-353031366262/-/resize/504x/1731389393_detoks-oc.webp,uz=https://onlaynhamshira.uz/ ru=https://onlaynhamshira.uz/ru en=https://onlaynhamshira.uz/en x-default=https://onlaynhamshira.uz/,,MedicalBusiness
200,/home-palliative-care-symptom-management,,"Palliative Care Support: Home Care, Symptom Relief, and Patient Comfort","Understand how palliative support helps patients manage pain, symptoms, and emotional stress. Explore safe home care practices and professional nursing support.",,https://onlaynhamshira.uz/home-palliative-care-symptom-management,Palliative Care at Home: What Families Should Know,"Learn how palliative care improves quality of life for patients with serious illnesses. Discover home care tips, symptom management, and the role of oncology nurses.",https://thb.tildacdn.net/tild6636-3063-4435-a562-613438663134/-/resize/504x/Patiant-Care.webp,uz=https://onlaynhamshira.uz/ ru=https://onlaynhamshira.uz/ru en=https://onlaynhamshira.uz/en x-default=https://onlaynhamshira.uz/,,MedicalBusiness
200,/en,,Home Nurse Service App – Onlayn Hamshira | 24/7 Medical Care,"Need a nurse at home? Book injections, IV drips, wound care and home medical services easily via the Onlayn Hamshira app.","nurse at home, home nurse services, call a nurse home, Tashkent home nurse, IV drip at home, get an IV drip at home, injections at home, get an injection at home, IV drip Tashkent, IV and injections at home, home care for the sick, elderly care at home, c",https://onlaynhamshira.uz/en,Call home nurses 24/7!,"Medical care at your home — fast, convenient, and safe!",https://static.tildacdn.net/tild3462-3165-4335-b732-383031326461/photo.jpg,uz=https://onlaynhamshira.uz/ ru=https://onlaynhamshira.uz/ru en=https://onlaynhamshira.uz/en x-default=https://onlaynhamshira.uz/,"Medical services - fast, convenient, and safe!",MedicalBusiness
200,/en/expert,,Onlayn Hamshira (Expert),Work when it’s convenient and earn with Onlayn Hamshira!,"Jobs for nurses in Tashkent, Home care nurse jobs, Extra income for medical workers, Home nursing service jobs, Jobs for caregivers in Tashkent, Doctor on-call jobs, Home massage therapist jobs, IV and injection services jobs, Additional income for health",https://onlaynhamshira.uz/en/expert,Onlayn Hamshira (Expert),Work when it’s convenient and earn with Onlayn Hamshira!,https://static.tildacdn.net/tild3462-3165-4335-b732-383031326461/photo.jpg,uz=https://onlaynhamshira.uz/ ru=https://onlaynhamshira.uz/ru en=https://onlaynhamshira.uz/en x-default=https://onlaynhamshira.uz/,Work when it’s convenient and earn with Onlayn Hamshira!,MedicalBusiness
200,/en/certificates,,Certificates,Get treatment at home with us!,,https://onlaynhamshira.uz/en/certificates,Certificates,Get treatment at home with us!,https://static.tildacdn.net/tild3962-6663-4561-a431-316635613264/Mobile.jpg,uz=https://onlaynhamshira.uz/ ru=https://onlaynhamshira.uz/ru en=https://onlaynhamshira.uz/en x-default=https://onlaynhamshira.uz/,,MedicalBusiness
200,/en/privacy-policy,en,Public offer agreement,Get treatment at home with us!,,https://onlaynhamshira.uz/en/privacy-policy,Public offer agreement,Get treatment at home with us!,https://static.tildacdn.net/tild3962-6663-4561-a431-316635613264/Mobile.jpg,uz=https://onlaynhamshira.uz/ ru=https://onlaynhamshira.uz/ru en=https://onlaynhamshira.uz/en x-default=https://onlaynhamshira.uz/,PUBLIC OFFER AGREEMENT & PRIVACY POLICY,MedicalBusiness
200,/en/blog,,Healthcare Blog | Nursing Services & Medical Tips,"Explore healthcare insights, medical tips, and home nursing services on the Online Nurse blog. Expert advice for patient care, health management, and professional nursing support.",,https://onlaynhamshira.uz/en/blog,Healthcare Blog | Nursing Services & Medical Tips,"Explore healthcare insights, medical tips, and home nursing services on the Online Nurse blog. Expert advice for patient care, health management, and professional nursing support.",https://static.tildacdn.net/tild6134-3534-4565-b235-366139383463/image.png,uz=https://onlaynhamshira.uz/ ru=https://onlaynhamshira.uz/ru en=https://onlaynhamshira.uz/en x-default=https://onlaynhamshira.uz/,,MedicalBusiness
200,/en/blog/nurse-at-home-tashkent-services-prices,,"Nurse Home Visit in Tashkent Services, Prices","Book a professional nurse in Tashkent via OnlaynHamshira: injections, IV therapy, blood draws, wound care. See pricing, payment options and how to order.","nurse home visit, Tashkent nurse, home injections, IV therapy, blood draw, OnlaynHamshira, home care",https://onlaynhamshira.uz/en/blog/nurse-at-home-tashkent-services-prices,"Nurse Home Visit in Tashkent Services, Prices ","Book a professional nurse in Tashkent via OnlaynHamshira: injections, IV therapy, blood draws, wound care. See pricing, payment options and how to order.",https://static.tildacdn.net/tild3133-6632-4364-a530-663131393530/image.png,uz=https://onlaynhamshira.uz/ ru=https://onlaynhamshira.uz/ru en=https://onlaynhamshira.uz/en x-default=https://onlaynhamshira.uz/,,MedicalBusiness BlogPosting FAQPage MedicalBusiness
200,/en/blog/how-to-measure-and-control-blood-pressure-at-home,,How to Measure and Control Blood Pressure at Home Expert Tips,Learn how to measure your blood pressure at home the right way. Avoid common mistakes and follow proven tips to maintain heart health and prevent hypertension.,"blood pressure, home monitoring, hypertension, heart health, healthy lifestyle",https://onlaynhamshira.uz/en/blog/how-to-measure-and-control-blood-pressure-at-home,How to Measure and Control Blood Pressure at Home Expert Tips,Learn how to measure your blood pressure at home the right way. Avoid common mistakes and follow proven tips to maintain heart health and prevent hypertension.,https://static.tildacdn.net/tild3133-6632-4364-a530-663131393530/image.png,uz=https://onlaynhamshira.uz/ ru=https://onlaynhamshira.uz/ru en=https://onlaynhamshira.uz/en x-default=https://onlaynhamshira.uz/,,MedicalBusiness BlogPosting FAQPage MedicalBusiness
200,/en/blog/massage-in-tashkent-women-baby,,"Massage in Tashkent: Best Salons, Home Services & Prices","Massage Tashkent best spas, home massage options, and prices. Learn how to find trusted therapists and enjoy stress-free relaxation in Uzbekistan.","massage in Tashkent, home massage Tashkent, women’s massage Tashkent, baby massage Tashkent, female massage therapist Tashkent, massage services in Tashkent, best massage in Tashkent, spa in Tashkent, Thai massage Tashkent, massage prices in Tashkent, at-",https://onlaynhamshira.uz/en/blog/massage-in-tashkent-women-baby,"Massage in Tashkent: Best Salons, Home Services & Prices","Massage Tashkent best spas, home massage options, and prices. Learn how to find trusted therapists and enjoy stress-free relaxation in Uzbekistan.",https://static.tildacdn.net/tild3133-6632-4364-a530-663131393530/image.png,uz=https://onlaynhamshira.uz/ ru=https://onlaynhamshira.uz/ru en=https://onlaynhamshira.uz/en x-default=https://onlaynhamshira.uz/,,MedicalBusiness BlogPosting FAQPage MedicalBusiness
200,/online-nursing-vs-traditional,,Online Nursing vs Traditional Nursing in Uzbekistan | Full Comparison Guide,"Compare online nursing with traditional home care in Uzbekistan. Book verified nurses online with transparent pricing, fast scheduling, and digital support only at OnlaynHamshira.uz.","massage in Tashkent, home massage Tashkent, women’s massage Tashkent, baby massage Tashkent, female massage therapist Tashkent, massage services in Tashkent, best massage in Tashkent, spa in Tashkent, Thai massage Tashkent, massage prices in Tashkent, at-",https://onlaynhamshira.uz/online-nursing-vs-traditional,Online Nursing vs Traditional Nursing in Uzbekistan | Full Comparison Guide,"Compare online nursing with traditional home care in Uzbekistan. Book verified nurses online with transparent pricing, fast scheduling, and digital support only at OnlaynHamshira.uz.",https://static.tildacdn.net/tild3133-6632-4364-a530-663131393530/image.png,uz=https://onlaynhamshira.uz/ ru=https://onlaynhamshira.uz/ru en=https://onlaynhamshira.uz/en x-default=https://onlaynhamshira.uz/,Online Nursing vs Traditional Nursing in Uzbekistan What’s Better? / Why Choose OnlaynHamshira.uz vs Traditional Nursing Services,MedicalBusiness BlogPosting FAQPage MedicalBusiness
200,/en/blog/injection-service-at-home-tashkent,,"Injection Service at Home in Tashkent Prices, Types & Safety Guide 2025","Home injection service in Tashkent: antibiotic shots, vitamin injections, pain-relief, IV drip, pricing, and safety checklist. Certified nurse available for home visits.","massage in Tashkent, home massage Tashkent, women’s massage Tashkent, baby massage Tashkent, female massage therapist Tashkent, massage services in Tashkent, best massage in Tashkent, spa in Tashkent, Thai massage Tashkent, massage prices in Tashkent, at-",https://onlaynhamshira.uz/en/blog/injection-service-at-home-tashkent,"Injection Service at Home in Tashkent Prices, Types & Safety Guide 2025","Home injection service in Tashkent: antibiotic shots, vitamin injections, pain-relief, IV drip, pricing, and safety checklist. Certified nurse available for home visits.",https://static.tildacdn.net/tild3133-6632-4364-a530-663131393530/image.png,uz=https://onlaynhamshira.uz/ ru=https://onlaynhamshira.uz/ru en=https://onlaynhamshira.uz/en x-default=https://onlaynhamshira.uz/,,MedicalBusiness
200,/en/blog/home-nurse-visit-medical-care,,Home Medical Care at Your Door – Professional Help Without Delays,"Stop waiting until health problems become serious. Get safe, professional medical care at home with certified nurses and doctors. Fast diagnostics, maximum comfort, and no clinic queues.","massage in Tashkent, home massage Tashkent, women’s massage Tashkent, baby massage Tashkent, female massage therapist Tashkent, massage services in Tashkent, best massage in Tashkent, spa in Tashkent, Thai massage Tashkent, massage prices in Tashkent, at-",https://onlaynhamshira.uz/en/blog/home-nurse-visit-medical-care,Home Medical Care at Your Door – Professional Help Without Delays,"Stop waiting until health problems become serious. Get safe, professional medical care at home with certified nurses and doctors. Fast diagnostics, maximum comfort, and no clinic queues.",https://static.tildacdn.net/tild3133-6632-4364-a530-663131393530/image.png,uz=https://onlaynhamshira.uz/ ru=https://onlaynhamshira.uz/ru en=https://onlaynhamshira.uz/en x-default=https://onlaynhamshira.uz/,,MedicalBusiness BlogPosting FAQPage MedicalBusiness
200,/en/blog/daily-habits-to-prevent-illness,,Prevention Over Cure: 9 Daily Habits That Naturally Boost Your Health,"Around 70% of illnesses can be prevented with simple lifestyle habits. Discover 9 daily practices that improve immunity, energy, mood, and long-term wellness.","daily habits to prevent illness, healthy daily habits, natural immunity boosters, prevention over cure, lifestyle habits for better health, morning hydration benefits, importance of quality sleep, natural ways to reduce stress, vitamin D benefits, home he",https://onlaynhamshira.uz/en/blog/daily-habits-to-prevent-illness,Prevention Over Cure: 9 Daily Habits That Naturally Boost Your Health,"Around 70% of illnesses can be prevented with simple lifestyle habits. Discover 9 daily practices that improve immunity, energy, mood, and long-term wellness.",https://static.tildacdn.net/tild3133-6632-4364-a530-663131393530/image.png,uz=https://onlaynhamshira.uz/ ru=https://onlaynhamshira.uz/ru en=https://onlaynhamshira.uz/en x-default=https://onlaynhamshira.uz/,,MedicalBusiness BlogPosting FAQPage MedicalBusiness
200,/postoperative-care-at-home,,"Detox and Hydration: Is Water Enough? Recovery Timeline, Weakness Causes, and Health Tips","Learn whether drinking water is enough to detox the body, why weakness can happen during detox, and how long recovery really takes. Discover hydration tips, nutrition advice, and safe ways to support your body’s natural detox process.","uy sharoitida detoks, detoks nima, detoks uyda, organizmni tozalash",https://onlaynhamshira.uz/blog/uy-sharoitida-detoks,Postoperative Care at Home: Safe Recovery Guide,"A medical view on at-home detox: safe habits, hydration balance, nutrition, sleep, stress, plus red flags and when it’s better to consult a healthcare professional.",https://thb.tildacdn.net/tild3265-6231-4431-a563-306535376230/-/resize/504x/Operatsiyadan_keying.webp,uz=https://onlaynhamshira.uz/ ru=https://onlaynhamshira.uz/ru en=https://onlaynhamshira.uz/en x-default=https://onlaynhamshira.uz/,Postoperative Care Rules: Practical Home Guide,MedicalBusiness Article
200,/en/blog/boosting-immunity-preventing-illness,,How to Boost Immunity Naturally: Seasonal Illness Prevention Guide,"Learn how to boost immunity naturally with nutrition, sleep, stress control, hygiene, and vaccination to prevent seasonal illnesses.",,https://onlaynhamshira.uz/en/blog/boosting-immunity-preventing-illness,How to Boost Immunity Naturally: Seasonal Illness Prevention Guide,"Learn how to boost immunity naturally with nutrition, sleep, stress control, hygiene, and vaccination to prevent seasonal illnesses.",https://thb.tildacdn.net/tild6364-3938-4264-b836-336338386436/-/resize/504x/immunitet-mavsumiy-k.webp,uz=https://onlaynhamshira.uz/ ru=https://onlaynhamshira.uz/ru en=https://onlaynhamshira.uz/en x-default=https://onlaynhamshira.uz/,Boosting Immunity: Preventing Seasonal Illnesses,MedicalBusiness Article
200,/en/blog/newborn-care-home-guide,,How to Care for a Newborn: Practical Guide for Parents,"Learn how to care for a newborn at home: breastfeeding, hygiene, safe sleep, and when to consult a pediatrician.",,https://onlaynhamshira.uz/en/blog/newborn-care-home-guide,How to Care for a Newborn: Practical Guide for Parents,"Learn how to care for a newborn at home: breastfeeding, hygiene, safe sleep, and when to consult a pediatrician.",https://thb.tildacdn.net/tild3935-3130-4430-b831-313666303733/-/resize/504x/chaqaloq-parvarishi-.webp,uz=https://onlaynhamshira.uz/ ru=https://onlaynhamshira.uz/ru en=https://onlaynhamshira.uz/en x-default=https://onlaynhamshira.uz/,Newborn Care: Professional Support for New Moms,MedicalBusiness Article
200,/en/blog/home-infection-protection-guide,,Home Infection Prevention: Protect Your Family from Flu and Viruses,"Learn how to protect your family from infections at home with hygiene, ventilation, masks, vaccination, and daily habits.",,https://onlaynhamshira.uz/en/blog/home-infection-protection-guide,Home Infection Prevention: Protect Your Family from Flu and Viruses,"Learn how to protect your family from infections at home with hygiene, ventilation, masks, vaccination, and daily habits.",https://thb.tildacdn.net/tild6536-6131-4039-a635-613230663033/-/resize/504x/Infection_Prevention.webp,uz=https://onlaynhamshira.uz/ ru=https://onlaynhamshira.uz/ru en=https://onlaynhamshira.uz/en x-default=https://onlaynhamshira.uz/,How to Protect Your Family from Infections at Home,MedicalBusiness Article
200,/nurse-politic,en,Nurse Public Offer Agreement and Privacy Policy | ONLAYN HAMSHIRA,"Official Public Offer Agreement for nurses and independent medical specialists working through ONLAYN HAMSHIRA. Terms of service, payments, responsibilities, patient data protection, platform rules and legal conditions.",,https://onlaynhamshira.uz/nurse-politic,Nurse Public Offer Agreement and Privacy Policy | ONLAYN HAMSHIRA,"Official Public Offer Agreement for nurses and independent medical specialists working through ONLAYN HAMSHIRA. Terms of service, payments, responsibilities, patient data protection, platform rules and legal conditions.",https://static.tildacdn.net/tild3962-6663-4561-a431-316635613264/Mobile.jpg,uz=https://onlaynhamshira.uz/ ru=https://onlaynhamshira.uz/ru en=https://onlaynhamshira.uz/en x-default=https://onlaynhamshira.uz/,PUBLIC OFFER AGREEMENT AND PRIVACY POLICY,MedicalBusiness
200,/detoks-v-domashnih-usloviyah,,"Детокс дома: безопасный медицинский подход, восстановление и когда нужен специалист","Разбираем детокс дома с медицинской точки зрения: безопасные привычки, водный баланс, питание, сон, стресс и ситуации, когда лучше обратиться к специалисту.",очищение организма детокс дома безопасный детокс как правильно делать детокс детокс и печень симптомы при детоксе когда нужен врач при детоксе вред детокса,https://onlaynhamshira.uz/detoks-v-domashnih-usloviyah,Детокс в домашних условиях: советы и рекомендации | Onlayn Hamshira,"Узнайте, как безопасно провести детокс дома. Медицинский подход к очищению организма, советы по питанию, сну и когда стоит обратиться к специалисту.",https://thb.tildacdn.net/tild3866-6530-4134-b064-353031366262/-/resize/504x/1731389393_detoks-oc.webp,uz=https://onlaynhamshira.uz/ ru=https://onlaynhamshira.uz/ru en=https://onlaynhamshira.uz/en x-default=https://onlaynhamshira.uz/,,MedicalBusiness
200,/podderzhka-onkologicheskih-pacientov-doma,,"Поддержка онкологических пациентов дома: уход, паллиативная помощь и облегчение симптомов","Поддержка онкологических пациентов дома: онкологический уход, паллиативная помощь и рекомендации по облегчению симптомов. Практичные советы.",,https://onlaynhamshira.uz/podderzhka-onkologicheskih-pacientov-doma,"Поддержка онкологических пациентов дома: уход, паллиативная помощь и облегчение симптомов","Поддержка онкологических пациентов дома: онкологический уход, паллиативная помощь и рекомендации по облегчению симптомов. Практичные советы.",https://thb.tildacdn.net/tild6636-3063-4435-a562-613438663134/-/resize/504x/Patiant-Care.webp,uz=https://onlaynhamshira.uz/ ru=https://onlaynhamshira.uz/ru en=https://onlaynhamshira.uz/en x-default=https://onlaynhamshira.uz/,,MedicalBusiness
200,/ru,,Вызов медсестры на дом – Onlayn Hamshira | 24/7 сервис,"Нужна медсестра на дому? Уколы, капельницы, перевязки и уход за пациентами. Закажите через приложение быстро и безопасно.","медсестра на дом, услуги медсестры на дому, вызвать медсестру в Ташкенте 24/7, вызвать медсестру домой, медсестра Ташкент на дом, капельница на дому, поставить капельницу дома, уколы на дому, сделать укол на дому, поставить капельницу Ташкент, капельницы ",https://onlaynhamshira.uz/ru,"Онлайн Хамшира - вызов медицинской помощи 24/7 | Быстро, удобно, безопасно","Вызов врача и медсестры на дом в Ташкенте, Нукусе, Фергане, Самарканде и Маргилане. Медицинская помощь и услуги медсестры на дому 24/7.",https://static.tildacdn.net/tild3462-3165-4335-b732-383031326461/photo.jpg,uz=https://onlaynhamshira.uz/ ru=https://onlaynhamshira.uz/ru en=https://onlaynhamshira.uz/en x-default=https://onlaynhamshira.uz/,"Медицинские услуги - быстро, удобно, безопасно!",MedicalBusiness
200,/ru/expert,,Onlayn Hamshira (Специалист),"Работайте, когда удобно, и зарабатывайте с Onlayn Hamshira!","работа для медсестёр Ташкент, вакансия медсестры Ташкент, работа медсестрой на дому, работа для сиделок в Ташкенте, работа для врачей на вызов, подработка для медицинских работников, капельницы и уколы на дому работа, работа сиделкой Ташкент, работа для м",https://onlaynhamshira.uz/ru/expert,Onlayn Hamshira (Специалист),"Работайте, когда удобно, и зарабатывайте с Onlayn Hamshira!",https://static.tildacdn.net/tild3462-3165-4335-b732-383031326461/photo.jpg,uz=https://onlaynhamshira.uz/ ru=https://onlaynhamshira.uz/ru en=https://onlaynhamshira.uz/en x-default=https://onlaynhamshira.uz/,"Работайте, когда удобно, и зарабатывайте с Onlayn Hamshira!",MedicalBusiness
200,/ru/privacy-policy,ru,Договор публичной оферты,Лечитесь с нами дома!,,https://onlaynhamshira.uz/ru/privacy-policy,Договор публичной оферты,Лечитесь с нами дома!,https://static.tildacdn.net/tild3962-6663-4561-a431-316635613264/Mobile.jpg,uz=https://onlaynhamshira.uz/ ru=https://onlaynhamshira.uz/ru en=https://onlaynhamshira.uz/en x-default=https://onlaynhamshira.uz/,ПУБЛИЧНАЯ ОФЕРТА И ПОЛИТИКА КОНФИДЕНЦИАЛЬНОСТИ,MedicalBusiness
200,/ru/politichamshira,ru,Договор публичной оферты (предложения) ООО «ONLAYN HAMSHIRA» на оказание медицинских услуг,"['Лечитесь с нами дома!', 'Публичная оферта ООО ONLAYN HAMSHIRA для независимых медицинских специалистов.']",,https://onlaynhamshira.uz/ru/politichamshira,Договор публичной оферты (предложения) ООО «ONLAYN HAMSHIRA» на оказание медицинских услуг,Лечитесь с нами дома!,https://static.tildacdn.net/tild3962-6663-4561-a431-316635613264/Mobile.jpg,uz=https://onlaynhamshira.uz/ ru=https://onlaynhamshira.uz/ru en=https://onlaynhamshira.uz/en x-default=https://onlaynhamshira.uz/,ДОГОВОР ПУБЛИЧНОЙ ОФЕРТЫ,MedicalBusiness
200,/ru/certificates,,Сертификаты,Лечитесь с нами дома!,,https://onlaynhamshira.uz/ru/certificates,Сертификаты,Лечитесь с нами дома!,https://static.tildacdn.net/tild3962-6663-4561-a431-316635613264/Mobile.jpg,uz=https://onlaynhamshira.uz/ ru=https://onlaynhamshira.uz/ru en=https://onlaynhamshira.uz/en x-default=https://onlaynhamshira.uz/,,MedicalBusiness
200,/ru/blog,,"Блог Onlayn Hamshira советы, услуги медсестры на дом, здоровье","Читайте актуальные статьи про вызов медсестры на дом в Ташкенте, цены и преимущества, советы по здоровью и уходу, а также полезные гиды по медицинским услугам.",,https://onlaynhamshira.uz/ru/blog,"Блог Onlayn Hamshira советы, услуги медсестры на дом, здоровье","Читайте актуальные статьи про вызов медсестры на дом в Ташкенте, цены и преимущества, советы по здоровью и уходу, а также полезные гиды по медицинским услугам.",https://static.tildacdn.net/tild3164-3136-4130-a664-393939323035/image.png,uz=https://onlaynhamshira.uz/ ru=https://onlaynhamshira.uz/ru en=https://onlaynhamshira.uz/en x-default=https://onlaynhamshira.uz/,,MedicalBusiness
200,/ru/blog/medsestra-na-dom-tashkent,,"Медсестра на дом в Ташкенте услуги, цены и преимущества","Вызов медсестры на дом через OnlaynHamshira: уколы, подключение капельницы, забор крови, перевязки. Условия оплаты и порядок заказа.","медсестра на дом, Ташкент, уколы на дом, капельница, забор крови, цены, OnlaynHamshira",https://onlaynhamshira.uz/ru/blog/medsestra-na-dom-tashkent,"Медсестра на дом в Ташкенте услуги, цены и преимущества","Вызов медсестры на дом через OnlaynHamshira: уколы, подключение капельницы, забор крови, перевязки. Условия оплаты и порядок заказа.",https://static.tildacdn.net/tild6531-3534-4037-b632-373035316365/image.png,uz=https://onlaynhamshira.uz/ ru=https://onlaynhamshira.uz/ru en=https://onlaynhamshira.uz/en x-default=https://onlaynhamshira.uz/,,MedicalBusiness ?
200,/ru/blog/kak-izmerit-i-kontrolirovat-davlenie-doma,,Как измерить и контролировать давление дома советы врачей,"Пошаговое руководство по измерению артериального давления дома. Распространённые ошибки, полезные советы и контроль здоровья сердца.","измерить давление дома, артериальное давление, гипертония, здоровье сердца, медсестра на дом",https://onlaynhamshira.uz/ru/blog/kak-izmerit-i-kontrolirovat-davlenie-doma,Как измерить и контролировать давление дома советы врачей,"Пошаговое руководство по измерению артериального давления дома. Распространённые ошибки, полезные советы и контроль здоровья сердца.",https://static.tildacdn.net/tild6531-3534-4037-b632-373035316365/image.png,uz=https://onlaynhamshira.uz/ ru=https://onlaynhamshira.uz/ru en=https://onlaynhamshira.uz/en x-default=https://onlaynhamshira.uz/,,MedicalBusiness ?
200,/ru/blog/massazh-dlya-zhenshchin-i-detey-v-tashkente,,"Массаж в Ташкенте: Лучшие салоны, услуги на дому и цены (Гид 2025)","Ищете массаж в Ташкенте? Узнайте, где лучшие салоны, сколько стоит массаж на дому, и какие виды процедур действительно работают. Полный гид для релакса.","массаж Ташкент, массаж на дому Ташкент, спа Ташкент, цены на массаж, тайский массаж Ташкент, спортивный массаж, массаж для женщин, массаж для мужчин, детский массаж Ташкент",https://onlaynhamshira.uz/ru/blog/massazh-dlya-zhenshchin-i-detey-v-tashkente,"Массаж в Ташкенте: Лучшие салоны, услуги на дому и цены (Гид 2025)","Ищете массаж в Ташкенте? Узнайте, где лучшие салоны, сколько стоит массаж на дому, и какие виды процедур действительно работают. Полный гид для релакса.",https://static.tildacdn.net/tild6531-3534-4037-b632-373035316365/image.png,uz=https://onlaynhamshira.uz/ ru=https://onlaynhamshira.uz/ru en=https://onlaynhamshira.uz/en x-default=https://onlaynhamshira.uz/,,MedicalBusiness ?
200,/onlayn-uhod-vs-tradicionnyj,,Онлайн-уход vs традиционный уход | Что лучше в Узбекистане?,"Сравните онлайн-медсестер и традиционные услуги в Узбекистане. OnlaynHamshira.uz проверенные медсёстры, прозрачные цены, удобное онлайн-бронирование и поддержка 24/7.","медсестра на дому, онлайн медсестра Узбекистан, вызвать медсестру домой, уход на дому Ташкент, онлайн сервис медсестер, традиционный уход vs онлайн, медицинский уход Узбекистан",https://onlaynhamshira.uz/onlayn-uhod-vs-tradicionnyj,Онлайн-уход vs традиционный уход | Что лучше в Узбекистане?,"Сравните онлайн-медсестер и традиционные услуги в Узбекистане. OnlaynHamshira.uz проверенные медсёстры, прозрачные цены, удобное онлайн-бронирование и поддержка 24/7.",https://static.tildacdn.net/tild6531-3534-4037-b632-373035316365/image.png,uz=https://onlaynhamshira.uz/ ru=https://onlaynhamshira.uz/ru en=https://onlaynhamshira.uz/en x-default=https://onlaynhamshira.uz/,Онлайн ухаживание vs традиционный уход что лучше в Узбекистане? / Почему выбирают OnlaynHamshira.uz вместо традиционного поиска медицинского персонала,MedicalBusiness ?
200,/ru/blog/ukoly-na-domu-v-tashkente,,"Уколы на дому в Ташкенте Цены, виды услуг и безопасность 2025","Уколы на дому в Ташкенте: антибиотики, витамины, обезболивающие, капельницы, цены и правила безопасности. Профессиональная медсестра приезжает домой.","массаж Ташкент, массаж на дому Ташкент, спа Ташкент, цены на массаж, тайский массаж Ташкент, спортивный массаж, массаж для женщин, массаж для мужчин, детский массаж Ташкент",https://onlaynhamshira.uz/ru/blog/ukoly-na-domu-v-tashkente,"Уколы на дому в Ташкенте Цены, виды услуг и безопасность 2025","Уколы на дому в Ташкенте: антибиотики, витамины, обезболивающие, капельницы, цены и правила безопасности. Профессиональная медсестра приезжает домой.",https://static.tildacdn.net/tild6531-3534-4037-b632-373035316365/image.png,uz=https://onlaynhamshira.uz/ ru=https://onlaynhamshira.uz/ru en=https://onlaynhamshira.uz/en x-default=https://onlaynhamshira.uz/,,MedicalBusiness ?
200,/ru/blog/vyzov-medsestry-na-dom-meditsinskaya-pomoshch,,"Медицинская помощь на дому профессионально, быстро и без ожидания","Хватит ждать, пока проблемы со здоровьем станут серьёзными. Получайте безопасную и профессиональную помощь на дому от сертифицированных медсестер и врачей.","медпомощь на дому, медсестра на дом, врач на дом, диагностика на дому, домашние медуслуги",https://onlaynhamshira.uz/ru/blog/vyzov-medsestry-na-dom-meditsinskaya-pomoshch,"Медицинская помощь на дому профессионально, быстро и без ожидания","Хватит ждать, пока проблемы со здоровьем станут серьёзными. Получайте безопасную и профессиональную помощь на дому от сертифицированных медсестер и врачей.",https://static.tildacdn.net/tild6531-3534-4037-b632-373035316365/image.png,uz=https://onlaynhamshira.uz/ ru=https://onlaynhamshira.uz/ru en=https://onlaynhamshira.uz/en x-default=https://onlaynhamshira.uz/,,MedicalBusiness ?
200,/ru/blog/profilaktika-9-ezhednevnyh-privychek,,Профилактика лучше лечения: 9 ежедневных привычек для крепкого здоровья,"До 70% болезней можно предотвратить с помощью простых ежедневных привычек. Узнайте, как сон, питание, вода, стресс и движение укрепляют организм.","профилактика заболеваний, здоровые привычки, укрепление иммунитета, ежедневные привычки для здоровья, как предотвратить болезни, качество сна, польза воды утром, витамин D и здоровье, как снизить стресс, гигиенические привычки, обезвоживание симптомы, уро",https://onlaynhamshira.uz/ru/blog/profilaktika-9-ezhednevnyh-privychek,Профилактика лучше лечения: 9 ежедневных привычек для крепкого здоровья,"До 70% болезней можно предотвратить с помощью простых ежедневных привычек. Узнайте, как сон, питание, вода, стресс и движение укрепляют организм.",https://static.tildacdn.net/tild6531-3534-4037-b632-373035316365/image.png,uz=https://onlaynhamshira.uz/ ru=https://onlaynhamshira.uz/ru en=https://onlaynhamshira.uz/en x-default=https://onlaynhamshira.uz/,,MedicalBusiness ?
200,/posleoperatsionnyy-uhod-doma,ru,"Детокс дома: безопасный медицинский подход, восстановление и когда нужен специалист","['Разбираем детокс дома с медицинской точки зрения: безопасные привычки, водный баланс, питание, сон, стресс и ситуации, когда лучше обратиться к специалисту.', 'Как правильно ухаживать за пациентом после операции дома. Перевязка, признаки инфекции, контроль боли и вызов медсестры на дом.']",очищение организма детокс дома безопасный детокс как правильно делать детокс детокс и печень симптомы при детоксе когда нужен врач при детоксе вред детокса,https://onlaynhamshira.uz/detoks-v-domashnih-usloviyah,"['Послеоперационный период дома: правила ухода за пациентом', 'Уход после операции дома']","['Как правильно ухаживать за пациентом после операции дома: перевязка, признаки инфекции, контроль боли и рекомендации по восстановлению.', 'Правила ухода за пациентом после операции дома: перевязка, восстановление и помощь медсестры.']","['https://thb.tildacdn.net/tild3265-6231-4431-a563-306535376230/-/resize/504x/Operatsiyadan_keying.webp', 'https://onlaynhamshira.uz/images/blog/operatsiyadan-keyingi-parvarish.jpg']",uz=https://onlaynhamshira.uz/ ru=https://onlaynhamshira.uz/ru en=https://onlaynhamshira.uz/en x-default=https://onlaynhamshira.uz/ uz=https://onlaynhamshira.uz/blog/operatsiyadan-keyingi-parvarish ru=https://onlaynhamshira.uz/ru/blog/uhod-posle-operatsii-doma en=https://onlaynhamshira.uz/en/blog/post-surgery-care-at-home x-default=https://onlaynhamshira.uz/blog/operatsiyadan-keyingi-parvarish,Послеоперационный период: правила ухода дома,MedicalBusiness Article
200,/ru/blog/kak-ukrepit-immunitet-profilaktika,,Укрепление иммунитета: как защититься от простуды и вирусов,"Как укрепить иммунитет естественно: питание, сон, стресс, гигиена и вакцинация для профилактики сезонных заболеваний.",,https://onlaynhamshira.uz/ru/blog/kak-ukrepit-immunitet-profilaktika,Укрепление иммунитета: как защититься от простуды и вирусов,"Как укрепить иммунитет естественно: питание, сон, стресс, гигиена и вакцинация для профилактики сезонных заболеваний.",https://thb.tildacdn.net/tild6364-3938-4264-b836-336338386436/-/resize/504x/immunitet-mavsumiy-k.webp,uz=https://onlaynhamshira.uz/ ru=https://onlaynhamshira.uz/ru en=https://onlaynhamshira.uz/en x-default=https://onlaynhamshira.uz/,Как укрепить иммунитет: профилактика сезонных заболеваний,MedicalBusiness Article
200,/ru/blog/kak-zashchititsya-ot-infektsii-doma,,Профилактика вирусов дома: как защитить семью от инфекции,"Как снизить риск заражения дома: мытьё рук, проветривание, маски, вакцинация и уход при болезни. Практическое руководство для семьи.",,https://onlaynhamshira.uz/ru/blog/kak-zashchititsya-ot-infektsii-doma,Профилактика вирусов дома: как защитить семью от инфекции,"Как снизить риск заражения дома: мытьё рук, проветривание, маски, вакцинация и уход при болезни. Практическое руководство для семьи.",https://thb.tildacdn.net/tild6536-6131-4039-a635-613230663033/-/resize/504x/Infection_Prevention.webp,uz=https://onlaynhamshira.uz/ ru=https://onlaynhamshira.uz/ru en=https://onlaynhamshira.uz/en x-default=https://onlaynhamshira.uz/,Как защититься от инфекции дома,MedicalBusiness Article
200,/ru/blog/uhod-za-novorozhdyonnym,,Как ухаживать за новорождённым: советы для мам,"Практическое руководство по уходу за новорождённым: кормление, гигиена, сон и помощь педиатра для молодых мам.",,https://onlaynhamshira.uz/ru/blog/uhod-za-novorozhdyonnym,Как ухаживать за новорождённым: советы для мам,"Практическое руководство по уходу за новорождённым: кормление, гигиена, сон и помощь педиатра для молодых мам.",https://thb.tildacdn.net/tild3935-3130-4430-b831-313666303733/-/resize/504x/chaqaloq-parvarishi-.webp,uz=https://onlaynhamshira.uz/ ru=https://onlaynhamshira.uz/ru en=https://onlaynhamshira.uz/en x-default=https://onlaynhamshira.uz/,Уход за новорождённым: профессиональная помощь для молодых мам,MedicalBusiness Article
200,/qr,,QR,Лечитесь с нами дома!,,https://onlaynhamshira.uz/qr,QR,Лечитесь с нами дома!,https://static.tildacdn.net/tild3962-6663-4561-a431-316635613264/Mobile.jpg,uz=https://onlaynhamshira.uz/ ru=https://onlaynhamshira.uz/ru en=https://onlaynhamshira.uz/en x-default=https://onlaynhamshira.uz/,,MedicalBusiness
200,/qr2,,QR (Expert),Лечитесь с нами дома!,,https://onlaynhamshira.uz/qr2,QR (Expert),Лечитесь с нами дома!,https://static.tildacdn.net/tild3962-6663-4561-a431-316635613264/Mobile.jpg,uz=https://onlaynhamshira.uz/ ru=https://onlaynhamshira.uz/ru en=https://onlaynhamshira.uz/en x-default=https://onlaynhamshira.uz/,,MedicalBusiness
200,/qr3,,QR (Визитка),Лечитесь с нами дома!,,https://onlaynhamshira.uz/qr3,QR (Визитка),Лечитесь с нами дома!,https://static.tildacdn.net/tild3962-6663-4561-a431-316635613264/Mobile.jpg,uz=https://onlaynhamshira.uz/ ru=https://onlaynhamshira.uz/ru en=https://onlaynhamshira.uz/en x-default=https://onlaynhamshira.uz/,,MedicalBusiness
200,/qr4,,QR (Флайер),Лечитесь с нами дома!,,https://onlaynhamshira.uz/qr4,QR (Флайер),Лечитесь с нами дома!,https://static.tildacdn.net/tild3962-6663-4561-a431-316635613264/Mobile.jpg,uz=https://onlaynhamshira.uz/ ru=https://onlaynhamshira.uz/ru en=https://onlaynhamshira.uz/en x-default=https://onlaynhamshira.uz/,,MedicalBusiness
200,/qr5,,QR (Дорхенгер),Лечитесь с нами дома!,,https://onlaynhamshira.uz/qr5,QR (Дорхенгер),Лечитесь с нами дома!,https://static.tildacdn.net/tild3962-6663-4561-a431-316635613264/Mobile.jpg,uz=https://onlaynhamshira.uz/ ru=https://onlaynhamshira.uz/ru en=https://onlaynhamshira.uz/en x-default=https://onlaynhamshira.uz/,,MedicalBusiness
200,/qr6,,QR (Воблер),Лечитесь с нами дома!,,https://onlaynhamshira.uz/qr6,QR (Воблер),Лечитесь с нами дома!,https://static.tildacdn.net/tild3962-6663-4561-a431-316635613264/Mobile.jpg,uz=https://onlaynhamshira.uz/ ru=https://onlaynhamshira.uz/ru en=https://onlaynhamshira.uz/en x-default=https://onlaynhamshira.uz/,,MedicalBusiness
200,/qr7,,QR (Наклейка),Лечитесь с нами дома!,,https://onlaynhamshira.uz/qr7,QR (Наклейка),Лечитесь с нами дома!,https://static.tildacdn.net/tild3962-6663-4561-a431-316635613264/Mobile.jpg,uz=https://onlaynhamshira.uz/ ru=https://onlaynhamshira.uz/ru en=https://onlaynhamshira.uz/en x-default=https://onlaynhamshira.uz/,,MedicalBusiness
200,/qr8,,QR (Паук),Лечитесь с нами дома!,,https://onlaynhamshira.uz/qr8,QR (Паук),Лечитесь с нами дома!,https://static.tildacdn.net/tild3962-6663-4561-a431-316635613264/Mobile.jpg,uz=https://onlaynhamshira.uz/ ru=https://onlaynhamshira.uz/ru en=https://onlaynhamshira.uz/en x-default=https://onlaynhamshira.uz/,,MedicalBusiness
200,/blog/chto-delat-esli-povysilos-davlenie,ru,"Что делать, если повысилось давление? | Onlayn Hamshira","Узнайте, как правильно измерять давление дома, когда вызывать скорую помощь и какие привычки помогут контролировать гипертонию.",,https://onlaynhamshira.uz/blog/chto-delat-esli-povysilos-davlenie,"Что делать, если повысилось давление? | Onlayn Hamshira","Узнайте, как правильно измерять давление дома, когда вызывать скорую помощь и какие привычки помогут контролировать гипертонию.",https://thb.tildacdn.net/tild3032-6365-4265-b734-626431383161/-/resize/504x/Blood_pressure_monit.webp,uz=https://onlaynhamshira.uz/ ru=https://onlaynhamshira.uz/ru en=https://onlaynhamshira.uz/en x-default=https://onlaynhamshira.uz/,"Что делать, если повысилось давление?",MedicalBusiness
200,/kapelnitsa-nima-qachon-kerak,uz,"Kapelnitsa nima va qachon kerak? Foydasi, xavfi va to‘g‘ri qo‘llash","Kapelnitsa nima, qachon kerak bo‘ladi va qachon zararli? Uy sharoitida kapelnitsa qilish, foydasi, xavflari va qachon shifokorga murojaat qilish kerakligini sodda va aniq bilib oling.",,https://onlaynhamshira.uz/kapelnitsa-nima-qachon-kerak,"Kapelnitsa nima va qachon kerak? Foydasi, xavfi va to‘g‘ri qo‘llash","Kapelnitsa nima, qachon kerak bo‘ladi va qachon zararli? Uy sharoitida kapelnitsa qilish, foydasi, xavflari va qachon shifokorga murojaat qilish kerakligini sodda va aniq bilib oling.",https://thb.tildacdn.net/tild3663-6536-4734-b830-636234353161/-/resize/504x/Kapelnitsa_nima_va_q.webp,uz=https://onlaynhamshira.uz/ ru=https://onlaynhamshira.uz/ru en=https://onlaynhamshira.uz/en x-default=https://onlaynhamshira.uz/,Kapelnitsa nima va qachon kerak?,MedicalBusiness
200,/onlayn-hamshira-prezidentga-taqdim-etildi,uz,“Onlayn Hamshira” loyihasi Prezident Shavkat Mirziyoyevga taqdim etildi,"['“Onlayn Hamshira” loyihasi Farg‘ona Digital Hub’da Prezident Shavkat Mirziyoyevga taqdim etildi. Platforma uyda tibbiy xizmatlarni raqamlashtirib, bemorlar va hamshiralar uchun yangi imkoniyatlar yaratmoqda.', '“Onlayn Hamshira” loyihasi Farg‘ona Digital Hub’da O‘zbekiston Respublikasi Prezidenti Shavkat Mirziyoyevga taqdim etildi. Loyiha uyda tibbiy xizmatlarni raqamlashtirish va hamshiralar uchun yangi imkoniyatlar yaratmoqda.']",,https://onlaynhamshira.uz/onlayn-hamshira-prezidentga-taqdim-etildi,“Onlayn Hamshira” loyihasi Prezident Shavkat Mirziyoyevga taqdim etildi,"“Onlayn Hamshira” loyihasi Farg‘ona Digital Hub’da Prezident Shavkat Mirziyoyevga taqdim etildi. Platforma uyda tibbiy xizmatlarni raqamlashtirib, bemorlar va hamshiralar uchun yangi imkoniyatlar yaratmoqda.",https://static.tildacdn.net/tild6136-3736-4933-b932-393063623035/Onlayn_Hamshira_loyi.webp,uz=https://onlaynhamshira.uz/ ru=https://onlaynhamshira.uz/ru en=https://onlaynhamshira.uz/en x-default=https://onlaynhamshira.uz/,“Onlayn Hamshira” loyihasi Davlatimiz rahbariga taqdim etildi,MedicalBusiness
200,/home-nurse-chilanzar,en,Home Nurse Chilanzar: 24/7 Medical Care | Onlayn Hamshira,"['Need a qualified home nurse in Chilanzar? Book Onlayn Hamshira for 24/7 IV drips, injections, blood sampling, and post-op care. Call +998 78 113 96 16!', 'Call a qualified nurse to your home in Chilanzar. Professional IV drip, injections, blood sampling, wound dressing, and postoperative patient care through Onlayn Hamshira.']",,https://onlaynhamshira.uz/home-nurse-chilanzar,Home Nurse Chilanzar: 24/7 Medical Care | Onlayn Hamshira,"Need a qualified home nurse in Chilanzar? Book Onlayn Hamshira for 24/7 IV drips, injections, blood sampling, and post-op care. Call +998 78 113 96 16!",,uz=https://onlaynhamshira.uz/ ru=https://onlaynhamshira.uz/ru en=https://onlaynhamshira.uz/en x-default=https://onlaynhamshira.uz/,Home Nurse in Chilanzar: Order Reliable Medical Care Through Onlayn Hamshira,MedicalBusiness
200,/ru/medsestra-na-dom-chilanzar,ru,Медсестра на дом Чиланзар | Вызвать медсестру Чиланзар | Onlayn Hamshira,"['Вызов медсестры на дом в Чиланзарском районе. Капельница, уколы, забор крови, перевязки и уход за пациентом через Onlayn Hamshira. Быстро, безопасно и круглосуточно.', 'Вызов медсестры на дом в Чиланзарском районе. Капельница, уколы, забор крови, перевязки и уход за пациентом через Onlayn Hamshira.']",,https://onlaynhamshira.uz/ru/medsestra-na-dom-chilanzar,Медсестра на дом Чиланзар | Вызвать медсестру Чиланзар | Onlayn Hamshira,"Вызов медсестры на дом в Чиланзарском районе. Капельница, уколы, забор крови, перевязки и уход за пациентом через Onlayn Hamshira. Быстро, безопасно и круглосуточно.",,uz=https://onlaynhamshira.uz/ ru=https://onlaynhamshira.uz/ru en=https://onlaynhamshira.uz/en x-default=https://onlaynhamshira.uz/,Медсестра на дом в Чиланзаре: закажите надежную медицинскую помощь через Onlayn Hamshira,MedicalBusiness
200,/uyga-hamshira-chilonzor,uz,Uyga hamshira Chilonzor | Hamshira chaqirish Chilonzor | Onlayn Hamshira,"['Chilonzor tumanida uyga hamshira chaqirish xizmati. Kapelnitsa, ukol, qon olish, yara bog‘lash va bemor parvarishi uchun Onlayn Hamshira orqali tez va qulay buyurtma bering.', 'Chilonzor tumanida uyga hamshira chaqirish xizmati. Kapelnitsa, ukol, qon olish, yara bog‘lash va bemor parvarishi uchun Onlayn Hamshira orqali tez va qulay buyurtma bering.']",,https://onlaynhamshira.uz/uyga-hamshira-chilonzor,Uyga hamshira Chilonzor | Hamshira chaqirish Chilonzor | Onlayn Hamshira,"Chilonzor tumanida uyga hamshira chaqirish xizmati. Kapelnitsa, ukol, qon olish, yara bog‘lash va bemor parvarishi uchun Onlayn Hamshira orqali tez va qulay buyurtma bering.",,uz=https://onlaynhamshira.uz/ ru=https://onlaynhamshira.uz/ru en=https://onlaynhamshira.uz/en x-default=https://onlaynhamshira.uz/,Uyga Hamshira Chilonzor: Onlayn Hamshira Orqali Ishonchli Tibbiy Xizmatni Buyurtma Qiling,MedicalBusiness
200,/en/onlayn-hamshira-2-0-app-update,en,"Onlayn Hamshira 2.0: A Modern, Faster & More Convenient App Experience","['Onlayn Hamshira 2.0 is out! Discover the new modern interface, direct card payments, faster matching, Karakalpak language support, and a special 20% promo code.', 'Onlayn Hamshira 2.0 is now available. Discover the updated design, easier ordering process, card payment option, SALOM20 promo code, Karakalpak language support and new features for medical specialists.']",,https://onlaynhamshira.uz/en/onlayn-hamshira-2-0-app-update,"Onlayn Hamshira 2.0: A Modern, Faster & More Convenient App Experience","Onlayn Hamshira 2.0 is out! Discover the new modern interface, direct card payments, faster matching, Karakalpak language support, and a special 20% promo code.",,uz=https://onlaynhamshira.uz/ ru=https://onlaynhamshira.uz/ru en=https://onlaynhamshira.uz/en x-default=https://onlaynhamshira.uz/,"Onlayn Hamshira 2.0: A More Convenient, Modern and Faster App Experience",MedicalBusiness
200,/onlayn-hamshira-2-0-app-update,uz,Onlayn Hamshira 2.0: Tibbiy xizmatlarni uyga chaqirish ilovasi yangilandi,"['Onlayn Hamshira ilovasining yangi 2.0 versiyasi ishga tushdi! Tubdan yangilangan interfeys, karta orqali to‘lov, qoraqalpoq tili va SALOM20 chegirma promokodi.', 'Onlayn Hamshira ilovasining 2.0 versiyasi ishga tushdi. Yangilangan dizayn, qulay buyurtma berish, karta orqali to‘lov, SALOM20 promokodi, qoraqalpoq tili va mutaxassislar uchun yangi imkoniyatlar haqida batafsil.']",,https://onlaynhamshira.uz/onlayn-hamshira-2-0-app-update,Onlayn Hamshira 2.0: Tibbiy xizmatlarni uyga chaqirish ilovasi yangilandi,"Onlayn Hamshira ilovasining yangi 2.0 versiyasi ishga tushdi! Tubdan yangilangan interfeys, karta orqali to‘lov, qoraqalpoq tili va SALOM20 chegirma promokodi.",,uz=https://onlaynhamshira.uz/ ru=https://onlaynhamshira.uz/ru en=https://onlaynhamshira.uz/en x-default=https://onlaynhamshira.uz/,"Onlayn Hamshira 2.0: yanada qulay, zamonaviy va tezkor ilova yangilandi",MedicalBusiness
200,/ru/onlayn-hamshira-2-0-app-update,ru,Onlayn Hamshira 2.0: Обновление приложения медицинского сервиса на дом,"['Встречайте Onlayn Hamshira 2.0! Обновленный дизайн, оплата картой, выбор пола специалиста, каракалпакский язык и промокод SALOM20 на первую услугу.', 'Вышла обновлённая версия приложения Onlayn Hamshira 2.0. Новый дизайн, удобное оформление заказа, оплата картой, промокод SALOM20, каракалпакский язык и новые возможности для специалистов.']",,https://onlaynhamshira.uz/ru/onlayn-hamshira-2-0-app-update,Onlayn Hamshira 2.0: Обновление приложения медицинского сервиса на дом,"Встречайте Onlayn Hamshira 2.0! Обновленный дизайн, оплата картой, выбор пола специалиста, каракалпакский язык и промокод SALOM20 на первую услугу.",,uz=https://onlaynhamshira.uz/ ru=https://onlaynhamshira.uz/ru en=https://onlaynhamshira.uz/en x-default=https://onlaynhamshira.uz/,"Onlayn Hamshira 2.0: приложение стало удобнее, современнее и быстрее",MedicalBusiness
200,/chaqaloqni-uyda-chomiltirish,,Chaqaloqni uyda cho‘miltirish: xavfsizlik va parvarish qoidalari,"Chaqaloqni uyda to‘g‘ri cho‘miltirish va parvarish qilish qoidalari: suv harorati, xavfsizlik, kindik parvarishi va chaqaloq terisi gigiyenasi.",,https://onlaynhamshira.uz/chaqaloqni-uyda-chomiltirish,Chaqaloqni uyda cho‘miltirish: xavfsizlik va parvarish qoidalari,"Chaqaloqni uyda to‘g‘ri cho‘miltirish va parvarish qilish qoidalari: suv harorati, xavfsizlik, kindik parvarishi va chaqaloq terisi gigiyenasi.",,uz=https://onlaynhamshira.uz/ ru=https://onlaynhamshira.uz/ru en=https://onlaynhamshira.uz/en x-default=https://onlaynhamshira.uz/,Chaqaloqni uyda cho‘miltirish va parvarish qilish qoidalari,MedicalBusiness
200,/ru/kak-kupat-novorozhdennogo-doma,,Как купать новорождённого дома: правила ухода и безопасности,"Как правильно купать новорождённого дома: температура воды, безопасность, уход за пупком и кожей, одежда после купания и советы родителям.",,https://onlaynhamshira.uz/ru/kak-kupat-novorozhdennogo-doma,Как купать новорождённого дома: правила ухода и безопасности,"Как правильно купать новорождённого дома: температура воды, безопасность, уход за пупком и кожей, одежда после купания и советы родителям.",,uz=https://onlaynhamshira.uz/ ru=https://onlaynhamshira.uz/ru en=https://onlaynhamshira.uz/en x-default=https://onlaynhamshira.uz/,Правила купания и ухода за новорождённым дома,MedicalBusiness None
200,/en/how-to-bathe-a-newborn-at-home,,How to Bathe a Newborn at Home: Safety and Care Guide,"Learn how to safely bathe a newborn at home: water temperature, bath safety, umbilical cord care, baby skin care and practical tips for parents.",,https://onlaynhamshira.uz/en/how-to-bathe-a-newborn-at-home,How to Bathe a Newborn at Home: Safety and Care Guide,"Learn how to safely bathe a newborn at home: water temperature, bath safety, umbilical cord care, baby skin care and practical tips for parents.",,uz=https://onlaynhamshira.uz/ ru=https://onlaynhamshira.uz/ru en=https://onlaynhamshira.uz/en x-default=https://onlaynhamshira.uz/,Rules for Bathing and Caring for a Newborn at Home,MedicalBusiness None
200,/yotib-qolgan-bemorlarni-uyda-parvarish-qilish,,Yotib qolgan bemorlarni uyda parvarish qilish | Onlayn Hamshira,"Yotib qolgan bemorlarni uyda to‘g‘ri parvarish qilish va yotoq yaralarining oldini olish: tana holati, teri gigiyenasi, namlik, ovqatlanish va mutaxassis yordami.",,https://onlaynhamshira.uz/yotib-qolgan-bemorlarni-uyda-parvarish-qilish,Yotib qolgan bemorlarni uyda parvarish qilish | Onlayn Hamshira,"Yotib qolgan bemorlarni uyda to‘g‘ri parvarish qilish va yotoq yaralarining oldini olish: tana holati, teri gigiyenasi, namlik, ovqatlanish va mutaxassis yordami.",,uz=https://onlaynhamshira.uz/ ru=https://onlaynhamshira.uz/ru en=https://onlaynhamshira.uz/en x-default=https://onlaynhamshira.uz/,Yotib qolgan bemorlarni uyda parvarish qilish: yotoq yaralarining oldini olish,MedicalBusiness Article
200,/en/home-care-for-bedridden-patients,,Home Care for Bedridden Patients: Prevent Pressure Ulcers,"Learn how to care for a bedridden patient at home and prevent pressure ulcers with repositioning, skin checks, hygiene, nutrition and professional support.",,https://onlaynhamshira.uz/en/home-care-for-bedridden-patients,Home Care for Bedridden Patients: Prevent Pressure Ulcers,"Learn how to care for a bedridden patient at home and prevent pressure ulcers with repositioning, skin checks, hygiene, nutrition and professional support.",,uz=https://onlaynhamshira.uz/ ru=https://onlaynhamshira.uz/ru en=https://onlaynhamshira.uz/en x-default=https://onlaynhamshira.uz/,Home Care for Bedridden Patients: How to Prevent Pressure Ulcers,MedicalBusiness Article
200,/ru/uhod-za-lezhachimi-bolnymi-doma,,Уход за лежачими больными дома: профилактика пролежней,"Как правильно ухаживать за лежачим больным дома и предотвратить пролежни: смена положения тела, уход за кожей, гигиена, питание и помощь специалиста.",,https://onlaynhamshira.uz/ru/uhod-za-lezhachimi-bolnymi-doma,Уход за лежачими больными дома: профилактика пролежней,"Как правильно ухаживать за лежачим больным дома и предотвратить пролежни: смена положения тела, уход за кожей, гигиена, питание и помощь специалиста.",,uz=https://onlaynhamshira.uz/ ru=https://onlaynhamshira.uz/ru en=https://onlaynhamshira.uz/en x-default=https://onlaynhamshira.uz/,Уход за лежачими больными дома: профилактика пролежней,MedicalBusiness Article
200,/page66424133.html,,Blank page,,,https://onlaynhamshira.uz/header,Blank page,,,uz=https://onlaynhamshira.uz/ ru=https://onlaynhamshira.uz/ru en=https://onlaynhamshira.uz/en x-default=https://onlaynhamshira.uz/,,MedicalBusiness
200,/page67007365.html,,404,Лечитесь с нами дома!,,https://onlaynhamshira.uz/error404,404,Лечитесь с нами дома!,https://static.tildacdn.net/tild3962-6663-4561-a431-316635613264/Mobile.jpg,uz=https://onlaynhamshira.uz/ ru=https://onlaynhamshira.uz/ru en=https://onlaynhamshira.uz/en x-default=https://onlaynhamshira.uz/,,MedicalBusiness
200,/page67433297.html,,Footer,Лечитесь с нами дома!,,https://onlaynhamshira.uz/footer,Footer,Лечитесь с нами дома!,https://static.tildacdn.net/tild3962-6663-4561-a431-316635613264/Mobile.jpg,uz=https://onlaynhamshira.uz/ ru=https://onlaynhamshira.uz/ru en=https://onlaynhamshira.uz/en x-default=https://onlaynhamshira.uz/,,MedicalBusiness
200,/error404,,404,Лечитесь с нами дома!,,https://onlaynhamshira.uz/error404,404,Лечитесь с нами дома!,https://static.tildacdn.net/tild3962-6663-4561-a431-316635613264/Mobile.jpg,uz=https://onlaynhamshira.uz/ ru=https://onlaynhamshira.uz/ru en=https://onlaynhamshira.uz/en x-default=https://onlaynhamshira.uz/,,MedicalBusiness
404,/chaqaloq-parvarishi-yangi-onalar-uchun,,404,Лечитесь с нами дома!,,https://onlaynhamshira.uz/error404,404,Лечитесь с нами дома!,https://static.tildacdn.net/tild3962-6663-4561-a431-316635613264/Mobile.jpg,uz=https://onlaynhamshira.uz/ ru=https://onlaynhamshira.uz/ru en=https://onlaynhamshira.uz/en x-default=https://onlaynhamshira.uz/,,MedicalBusiness
404,/en/politic,,404,Лечитесь с нами дома!,,https://onlaynhamshira.uz/error404,404,Лечитесь с нами дома!,https://static.tildacdn.net/tild3962-6663-4561-a431-316635613264/Mobile.jpg,uz=https://onlaynhamshira.uz/ ru=https://onlaynhamshira.uz/ru en=https://onlaynhamshira.uz/en x-default=https://onlaynhamshira.uz/,,MedicalBusiness
404,/politic,,404,Лечитесь с нами дома!,,https://onlaynhamshira.uz/error404,404,Лечитесь с нами дома!,https://static.tildacdn.net/tild3962-6663-4561-a431-316635613264/Mobile.jpg,uz=https://onlaynhamshira.uz/ ru=https://onlaynhamshira.uz/ru en=https://onlaynhamshira.uz/en x-default=https://onlaynhamshira.uz/,,MedicalBusiness
404,/ru/politic,,404,Лечитесь с нами дома!,,https://onlaynhamshira.uz/error404,404,Лечитесь с нами дома!,https://static.tildacdn.net/tild3962-6663-4561-a431-316635613264/Mobile.jpg,uz=https://onlaynhamshira.uz/ ru=https://onlaynhamshira.uz/ru en=https://onlaynhamshira.uz/en x-default=https://onlaynhamshira.uz/,,MedicalBusiness
